﻿{"cameraMode":{"drawMode":0,"name":"Shaded","section":"Shading Mode"},"sceneLighting":false,"audioPlay":false,"sceneViewState":{"showFog":true,"showMaterialUpdate":false,"showSkybox":false,"showFlares":true,"showImageEffects":true,"showParticleSystems":true},"in2DMode":false,"pivot":{"x":0.65496826171875,"y":0.31279563903808596,"z":0.44142866134643557},"rotation":{"x":0.4472642242908478,"y":0.24874302744865418,"z":-0.13103529810905457,"w":0.8490650653839111},"size":6.66567325592041,"orthographic":false}