﻿{"cameraMode":{"drawMode":0,"name":"Shaded","section":"Shading Mode"},"sceneLighting":true,"audioPlay":false,"sceneViewState":{"showFog":true,"showMaterialUpdate":false,"showSkybox":true,"showFlares":true,"showImageEffects":true,"showParticleSystems":true},"in2DMode":false,"pivot":{"x":-4.578888893127441,"y":2.02502703666687,"z":1.283184289932251},"rotation":{"x":-0.15188267827033997,"y":-0.10561587661504746,"z":0.01632990688085556,"w":-0.9826038479804993},"size":4.0113677978515629,"orthographic":false}