﻿{"cameraMode":{"drawMode":0,"name":"Shaded","section":"Shading Mode"},"sceneLighting":false,"audioPlay":false,"sceneViewState":{"showFog":true,"showMaterialUpdate":false,"showSkybox":false,"showFlares":true,"showImageEffects":true,"showParticleSystems":true},"in2DMode":false,"pivot":{"x":18.40593719482422,"y":0.2900400459766388,"z":1.477196216583252},"rotation":{"x":0.2577553391456604,"y":0.06659138947725296,"z":-0.017813611775636674,"w":0.9637481570243836},"size":6.66567325592041,"orthographic":false}