﻿{"cameraMode":{"drawMode":0,"name":"Shaded","section":"Shading Mode"},"sceneLighting":false,"audioPlay":false,"sceneViewState":{"showFog":true,"showMaterialUpdate":false,"showSkybox":false,"showFlares":true,"showImageEffects":true,"showParticleSystems":true},"in2DMode":false,"pivot":{"x":3.074068784713745,"y":2.215256690979004,"z":-3.8311502933502199},"rotation":{"x":-0.23104117810726167,"y":0.3259696066379547,"z":-0.08248429000377655,"w":-0.9129951596260071},"size":1.0696979761123658,"orthographic":false}