﻿{"cameraMode":{"drawMode":0,"name":"Shaded","section":"Shading Mode"},"sceneLighting":true,"audioPlay":false,"sceneViewState":{"showFog":true,"showMaterialUpdate":false,"showSkybox":true,"showFlares":true,"showImageEffects":true,"showParticleSystems":true},"in2DMode":false,"pivot":{"x":274.24334716796877,"y":164.26878356933595,"z":-255.43809509277345},"rotation":{"x":0.04073675721883774,"y":-0.06291588395833969,"z":0.0025676614604890348,"w":0.9971837997436523},"size":233.34524536132813,"orthographic":false}