﻿{"cameraMode":{"drawMode":0,"name":"Shaded","section":"Shading Mode"},"sceneLighting":false,"audioPlay":false,"sceneViewState":{"showFog":true,"showMaterialUpdate":false,"showSkybox":false,"showFlares":true,"showImageEffects":true,"showParticleSystems":true},"in2DMode":false,"pivot":{"x":-4.76837158203125e-7,"y":5.1081719398498539,"z":-0.3499488830566406},"rotation":{"x":0.3638820946216583,"y":-0.34706470370292666,"z":0.1483028382062912,"w":0.8515528440475464},"size":28.790374755859376,"orthographic":false}