﻿{"cameraMode":{"drawMode":0,"name":"Shaded","section":"Shading Mode"},"sceneLighting":false,"audioPlay":false,"sceneViewState":{"showFog":true,"showMaterialUpdate":false,"showSkybox":false,"showFlares":true,"showImageEffects":true,"showParticleSystems":true},"in2DMode":false,"pivot":{"x":-1.963158130645752,"y":2.9864437580108644,"z":-8.166220664978028},"rotation":{"x":0.3343801498413086,"y":-0.4134894609451294,"z":0.16650527715682984,"w":0.8303568363189697},"size":26.070297241210939,"orthographic":false}