﻿{"cameraMode":{"drawMode":0,"name":"Shaded","section":"Shading Mode"},"sceneLighting":false,"audioPlay":false,"sceneViewState":{"showFog":true,"showMaterialUpdate":false,"showSkybox":false,"showFlares":true,"showImageEffects":true,"showParticleSystems":true},"in2DMode":false,"pivot":{"x":-2.499994993209839,"y":-0.09739789366722107,"z":-5.0},"rotation":{"x":0.18386393785476685,"y":-0.4632870554924011,"z":0.0988992229104042,"w":0.8612654805183411},"size":18.450353622436525,"orthographic":false}