﻿{"cameraMode":{"drawMode":0,"name":"Shaded","section":"Shading Mode"},"sceneLighting":false,"audioPlay":false,"sceneViewState":{"showFog":true,"showMaterialUpdate":false,"showSkybox":false,"showFlares":true,"showImageEffects":true,"showParticleSystems":true},"in2DMode":false,"pivot":{"x":492.2602233886719,"y":301.2174072265625,"z":-14.551055908203125},"rotation":{"x":0.0728839859366417,"y":-0.15347811579704286,"z":0.011348900385200978,"w":0.9853951930999756},"size":261.8577575683594,"orthographic":false}