﻿{"cameraMode":{"drawMode":0,"name":"Shaded","section":"Shading Mode"},"sceneLighting":false,"audioPlay":false,"sceneViewState":{"showFog":true,"showMaterialUpdate":false,"showSkybox":false,"showFlares":true,"showImageEffects":true,"showParticleSystems":true},"in2DMode":false,"pivot":{"x":0.0,"y":-0.30000001192092898,"z":5.960464477539063e-8},"rotation":{"x":0.3638820946216583,"y":-0.34706470370292666,"z":0.1483028382062912,"w":0.8515528440475464},"size":4.666904449462891,"orthographic":false}