﻿{"cameraMode":{"drawMode":0,"name":"Shaded","section":"Shading Mode"},"sceneLighting":true,"audioPlay":false,"sceneViewState":{"showFog":true,"showMaterialUpdate":false,"showSkybox":true,"showFlares":true,"showImageEffects":true,"showParticleSystems":true},"in2DMode":false,"pivot":{"x":1.3611018657684327,"y":-13.565767288208008,"z":25.570358276367189},"rotation":{"x":-0.2626771628856659,"y":0.01970754563808441,"z":-0.005361692514270544,"w":-0.9646676182746887},"size":33.0700569152832,"orthographic":false}