﻿{"cameraMode":{"drawMode":0,"name":"Shaded","section":"Shading Mode"},"sceneLighting":false,"audioPlay":false,"sceneViewState":{"showFog":true,"showMaterialUpdate":false,"showSkybox":false,"showFlares":true,"showImageEffects":true,"showParticleSystems":true},"in2DMode":false,"pivot":{"x":9.107815742492676,"y":2.4880123138427736,"z":-1.3201534748077393},"rotation":{"x":0.32003113627433779,"y":0.019880592823028566,"z":-0.006720710080116987,"w":0.947174608707428},"size":6.66567325592041,"orthographic":false}