﻿{"cameraMode":{"drawMode":0,"name":"Shaded","section":"Shading Mode"},"sceneLighting":false,"audioPlay":false,"sceneViewState":{"showFog":true,"showMaterialUpdate":false,"showSkybox":false,"showFlares":true,"showImageEffects":true,"showParticleSystems":true},"in2DMode":false,"pivot":{"x":12.17830753326416,"y":-0.4949510097503662,"z":2.4738783836364748},"rotation":{"x":0.2602800130844116,"y":0.2884295582771301,"z":-0.08179916441440582,"w":0.9178080558776856},"size":6.66567325592041,"orthographic":false}