﻿{"cameraMode":{"drawMode":0,"name":"Shaded","section":"Shading Mode"},"sceneLighting":false,"audioPlay":false,"sceneViewState":{"showFog":true,"showMaterialUpdate":false,"showSkybox":false,"showFlares":true,"showImageEffects":true,"showParticleSystems":true},"in2DMode":false,"pivot":{"x":5.4512715339660648,"y":2.0608904361724855,"z":-1.9448509216308594},"rotation":{"x":0.16345779597759248,"y":0.11512807011604309,"z":-0.019213581457734109,"w":0.9796213507652283},"size":6.66567325592041,"orthographic":false}