﻿{"cameraMode":{"drawMode":0,"name":"Shaded","section":"Shading Mode"},"sceneLighting":false,"audioPlay":false,"sceneViewState":{"showFog":true,"showMaterialUpdate":false,"showSkybox":false,"showFlares":true,"showImageEffects":true,"showParticleSystems":true},"in2DMode":false,"pivot":{"x":-1.8217411041259766,"y":3.2533762454986574,"z":-3.594168186187744},"rotation":{"x":-0.32143718004226687,"y":-0.32615798711776736,"z":0.11900755763053894,"w":-0.8809860348701477},"size":1.0696979761123658,"orthographic":false}