﻿{"cameraMode":{"drawMode":0,"name":"Shaded","section":"Shading Mode"},"sceneLighting":false,"audioPlay":false,"sceneViewState":{"showFog":true,"showMaterialUpdate":false,"showSkybox":false,"showFlares":true,"showImageEffects":true,"showParticleSystems":true},"in2DMode":false,"pivot":{"x":3.0233230590820314,"y":-3.7247414588928224,"z":9.322242736816407},"rotation":{"x":-0.16194096207618714,"y":0.2771487534046173,"z":-0.04744425415992737,"w":-0.9458925724029541},"size":33.0700569152832,"orthographic":false}