﻿{"cameraMode":{"drawMode":0,"name":"Shaded","section":"Shading Mode"},"sceneLighting":false,"audioPlay":false,"sceneViewState":{"showFog":true,"showMaterialUpdate":false,"showSkybox":false,"showFlares":true,"showImageEffects":true,"showParticleSystems":true},"in2DMode":false,"pivot":{"x":2.803999900817871,"y":0.7063409090042114,"z":0.001763373613357544},"rotation":{"x":-0.015436379238963128,"y":-0.9766648411750794,"z":0.2005898356437683,"w":-0.07517508417367935},"size":1.3407487869262696,"orthographic":false}