﻿{"cameraMode":{"drawMode":0,"name":"Shaded","section":"Shading Mode"},"sceneLighting":false,"audioPlay":false,"sceneViewState":{"showFog":true,"showMaterialUpdate":false,"showSkybox":false,"showFlares":true,"showImageEffects":true,"showParticleSystems":true},"in2DMode":false,"pivot":{"x":7.362380027770996,"y":2.945617198944092,"z":-6.300008773803711},"rotation":{"x":-0.06788279861211777,"y":-0.15379604697227479,"z":0.010596483014523983,"w":-0.9857111573219299},"size":2.1716787815093996,"orthographic":false}