﻿{"cameraMode":{"drawMode":0,"name":"Shaded","section":"Shading Mode"},"sceneLighting":false,"audioPlay":false,"sceneViewState":{"showFog":true,"showMaterialUpdate":false,"showSkybox":false,"showFlares":true,"showImageEffects":true,"showParticleSystems":true},"in2DMode":false,"pivot":{"x":0.015332966111600399,"y":-4.984878063201904,"z":-1.343727469444275},"rotation":{"x":0.0017040976090356708,"y":0.7797285318374634,"z":-0.6261118650436401,"w":0.0021289419382810594},"size":12.55735969543457,"orthographic":false}