﻿{"cameraMode":{"drawMode":0,"name":"Shaded","section":"Shading Mode"},"sceneLighting":false,"audioPlay":false,"sceneViewState":{"showFog":true,"showMaterialUpdate":false,"showSkybox":false,"showFlares":true,"showImageEffects":true,"showParticleSystems":true},"in2DMode":false,"pivot":{"x":16.256053924560548,"y":1.5726546049118043,"z":-1.7864798307418824},"rotation":{"x":0.051014386117458346,"y":0.03443088382482529,"z":-0.001763531588949263,"w":0.9981027245521545},"size":1.447974443435669,"orthographic":false}