﻿{"cameraMode":{"drawMode":0,"name":"Shaded","section":"Shading Mode"},"sceneLighting":false,"audioPlay":false,"sceneViewState":{"showFog":true,"showMaterialUpdate":false,"showSkybox":false,"showFlares":true,"showImageEffects":true,"showParticleSystems":true},"in2DMode":false,"pivot":{"x":0.0,"y":0.17000000178813935,"z":-0.13999998569488526},"rotation":{"x":0.37447041273117068,"y":0.11058461666107178,"z":-0.04503849893808365,"w":0.9195187091827393},"size":0.8762105703353882,"orthographic":false}