﻿{"cameraMode":{"drawMode":0,"name":"Shaded","section":"Shading Mode"},"sceneLighting":false,"audioPlay":false,"sceneViewState":{"showFog":true,"showMaterialUpdate":false,"showSkybox":false,"showFlares":true,"showImageEffects":true,"showParticleSystems":true},"in2DMode":false,"pivot":{"x":12.45492172241211,"y":-8.474609375,"z":23.927288055419923},"rotation":{"x":0.1878255158662796,"y":0.03474711254239082,"z":-0.006653423421084881,"w":0.9815650582313538},"size":33.0700569152832,"orthographic":false}