﻿{"cameraMode":{"drawMode":0,"name":"Shaded","section":"Shading Mode"},"sceneLighting":false,"audioPlay":false,"sceneViewState":{"showFog":true,"showMaterialUpdate":false,"showSkybox":false,"showFlares":true,"showImageEffects":true,"showParticleSystems":true},"in2DMode":false,"pivot":{"x":0.0,"y":0.10830003023147583,"z":0.033764615654945376},"rotation":{"x":-0.31144458055496218,"y":0.49517950415611269,"z":-0.1959543079137802,"w":-0.7870206832885742},"size":0.4328708350658417,"orthographic":false}