﻿{"cameraMode":{"drawMode":0,"name":"Shaded","section":"Shading Mode"},"sceneLighting":true,"audioPlay":false,"sceneViewState":{"showFog":true,"showMaterialUpdate":false,"showSkybox":true,"showFlares":true,"showImageEffects":true,"showParticleSystems":true},"in2DMode":false,"pivot":{"x":8.993024826049805,"y":0.8313374519348145,"z":2.669112205505371},"rotation":{"x":-0.34263044595718386,"y":0.04676863178610802,"z":-0.017076905816793443,"w":-0.9381500482559204},"size":7.028498649597168,"orthographic":false}