﻿{"cameraMode":{"drawMode":0,"name":"Shaded","section":"Shading Mode"},"sceneLighting":false,"audioPlay":false,"sceneViewState":{"showFog":true,"showMaterialUpdate":false,"showSkybox":false,"showFlares":true,"showImageEffects":true,"showParticleSystems":true},"in2DMode":false,"pivot":{"x":0.0,"y":2.0271713733673097,"z":-0.0000016689300537109376},"rotation":{"x":-0.0884416401386261,"y":-0.005952273029834032,"z":0.0005330999847501516,"w":-0.9960634708404541},"size":11.77020263671875,"orthographic":false}