﻿{"cameraMode":{"drawMode":0,"name":"Shaded","section":"Shading Mode"},"sceneLighting":false,"audioPlay":false,"sceneViewState":{"showFog":true,"showMaterialUpdate":false,"showSkybox":false,"showFlares":true,"showImageEffects":true,"showParticleSystems":true},"in2DMode":false,"pivot":{"x":5.7853875160217289,"y":0.7486684322357178,"z":-0.007447406649589539},"rotation":{"x":-0.015436379238963128,"y":-0.9766648411750794,"z":0.2005898356437683,"w":-0.07517508417367935},"size":1.790297269821167,"orthographic":false}