﻿{"cameraMode":{"drawMode":0,"name":"Shaded","section":"Shading Mode"},"sceneLighting":false,"audioPlay":false,"sceneViewState":{"showFog":true,"showMaterialUpdate":false,"showSkybox":false,"showFlares":true,"showImageEffects":true,"showParticleSystems":true},"in2DMode":false,"pivot":{"x":-1.4901161193847657e-8,"y":0.6554086208343506,"z":-0.00549846887588501},"rotation":{"x":-0.015436379238963128,"y":-0.9766648411750794,"z":0.2005898356437683,"w":-0.07517508417367935},"size":1.1873409748077393,"orthographic":false}