﻿{"cameraMode":{"drawMode":0,"name":"Shaded","section":"Shading Mode"},"sceneLighting":false,"audioPlay":false,"sceneViewState":{"showFog":true,"showMaterialUpdate":false,"showSkybox":false,"showFlares":true,"showImageEffects":true,"showParticleSystems":true},"in2DMode":false,"pivot":{"x":0.0025000572204589845,"y":0.7499999403953552,"z":0.0},"rotation":{"x":-0.20534589886665345,"y":0.046980876475572589,"z":-0.009864619001746178,"w":-0.977511465549469},"size":11.889165878295899,"orthographic":false}