﻿{"cameraMode":{"drawMode":0,"name":"Shaded","section":"Shading Mode"},"sceneLighting":false,"audioPlay":false,"sceneViewState":{"showFog":true,"showMaterialUpdate":false,"showSkybox":false,"showFlares":true,"showImageEffects":true,"showParticleSystems":true},"in2DMode":false,"pivot":{"x":2.4493536949157717,"y":0.6291685104370117,"z":-2.0420260429382326},"rotation":{"x":-0.03723135218024254,"y":0.1300620585680008,"z":-0.00488275708630681,"w":-0.9907945990562439},"size":0.9416162371635437,"orthographic":false}