﻿{"cameraMode":{"drawMode":0,"name":"Shaded","section":"Shading Mode"},"sceneLighting":false,"audioPlay":false,"sceneViewState":{"showFog":true,"showMaterialUpdate":false,"showSkybox":false,"showFlares":true,"showImageEffects":true,"showParticleSystems":true},"in2DMode":false,"pivot":{"x":10.070903778076172,"y":9.001867294311524,"z":-6.1688103675842289},"rotation":{"x":-0.3901970386505127,"y":-0.004669936839491129,"z":0.001984045607969165,"w":-0.9207174181938171},"size":2.2393102645874025,"orthographic":false}