﻿{"cameraMode":{"drawMode":0,"name":"Shaded","section":"Shading Mode"},"sceneLighting":false,"audioPlay":false,"sceneViewState":{"showFog":true,"showMaterialUpdate":false,"showSkybox":false,"showFlares":true,"showImageEffects":true,"showParticleSystems":true},"in2DMode":false,"pivot":{"x":-0.00038379430770874023,"y":1.7776739597320557,"z":0.07517802715301514},"rotation":{"x":0.4545120894908905,"y":0.0357794463634491,"z":-0.01827939786016941,"w":0.8898339867591858},"size":7.088957786560059,"orthographic":false}