﻿{"cameraMode":{"drawMode":0,"name":"Shaded","section":"Shading Mode"},"sceneLighting":false,"audioPlay":false,"sceneViewState":{"showFog":true,"showMaterialUpdate":false,"showSkybox":false,"showFlares":true,"showImageEffects":true,"showParticleSystems":true},"in2DMode":false,"pivot":{"x":13.921343803405762,"y":4.591570854187012,"z":-6.579892635345459},"rotation":{"x":-0.21606656908988954,"y":-0.023989785462617875,"z":0.005315180867910385,"w":-0.976069450378418},"size":2.2393102645874025,"orthographic":false}