﻿{"cameraMode":{"drawMode":0,"name":"Shaded","section":"Shading Mode"},"sceneLighting":true,"audioPlay":false,"sceneViewState":{"showFog":true,"showMaterialUpdate":false,"showSkybox":true,"showFlares":true,"showImageEffects":true,"showParticleSystems":true},"in2DMode":false,"pivot":{"x":3.4683663845062258,"y":0.4366340637207031,"z":26.96520233154297},"rotation":{"x":-0.3838282525539398,"y":-0.25688764452934267,"z":0.1120714396238327,"w":-0.8798434734344482},"size":17.397655487060548,"orthographic":false}