﻿{"cameraMode":{"drawMode":0,"name":"Shaded","section":"Shading Mode"},"sceneLighting":true,"audioPlay":false,"sceneViewState":{"showFog":true,"showMaterialUpdate":false,"showSkybox":true,"showFlares":true,"showImageEffects":true,"showParticleSystems":true},"in2DMode":false,"pivot":{"x":78.57039642333985,"y":355.0013732910156,"z":-150.8782958984375},"rotation":{"x":-0.0884416401386261,"y":-0.005952273029834032,"z":0.0005330999847501516,"w":-0.9960634708404541},"size":74.3410415649414,"orthographic":false}