﻿{"cameraMode":{"drawMode":0,"name":"Shaded","section":"Shading Mode"},"sceneLighting":false,"audioPlay":false,"sceneViewState":{"showFog":true,"showMaterialUpdate":false,"showSkybox":false,"showFlares":true,"showImageEffects":true,"showParticleSystems":true},"in2DMode":false,"pivot":{"x":0.34962424635887148,"y":2.090167284011841,"z":-4.634511470794678},"rotation":{"x":-0.2043662667274475,"y":0.01852581277489662,"z":-0.0038636375684291126,"w":-0.9787116050720215},"size":1.0696979761123658,"orthographic":false}