﻿{"cameraMode":{"drawMode":0,"name":"Shaded","section":"Shading Mode"},"sceneLighting":false,"audioPlay":false,"sceneViewState":{"showFog":true,"showMaterialUpdate":false,"showSkybox":false,"showFlares":true,"showImageEffects":true,"showParticleSystems":true},"in2DMode":false,"pivot":{"x":-13.44268798828125,"y":8.973625183105469,"z":-10.512102127075196},"rotation":{"x":-0.3729929029941559,"y":0.1457808017730713,"z":-0.05946583300828934,"w":-0.9143785834312439},"size":28.531166076660158,"orthographic":false}