﻿{"cameraMode":{"drawMode":0,"name":"Shaded","section":"Shading Mode"},"sceneLighting":false,"audioPlay":false,"sceneViewState":{"showFog":true,"showMaterialUpdate":false,"showSkybox":false,"showFlares":true,"showImageEffects":true,"showParticleSystems":true},"in2DMode":false,"pivot":{"x":18.20458984375,"y":1.55873703956604,"z":-1.4255223274230958},"rotation":{"x":0.05935799330472946,"y":-0.48183053731918337,"z":0.032732658088207248,"w":0.8736386895179749},"size":6.345235347747803,"orthographic":false}