﻿{"cameraMode":{"drawMode":0,"name":"Shaded","section":"Shading Mode"},"sceneLighting":false,"audioPlay":false,"sceneViewState":{"showFog":true,"showMaterialUpdate":false,"showSkybox":false,"showFlares":true,"showImageEffects":true,"showParticleSystems":true},"in2DMode":false,"pivot":{"x":9.203439712524414,"y":3.712852954864502,"z":-3.9310121536254885},"rotation":{"x":0.22191494703292848,"y":0.021923847496509553,"z":-0.004994557239115238,"w":0.9748067855834961},"size":6.66567325592041,"orthographic":false}