﻿{"cameraMode":{"drawMode":0,"name":"Shaded","section":"Shading Mode"},"sceneLighting":false,"audioPlay":false,"sceneViewState":{"showFog":true,"showMaterialUpdate":false,"showSkybox":false,"showFlares":true,"showImageEffects":true,"showParticleSystems":true},"in2DMode":false,"pivot":{"x":-0.7279129028320313,"y":6.8573760986328129,"z":-9.5367431640625e-7},"rotation":{"x":0.18386393785476685,"y":-0.4632870554924011,"z":0.0988992229104042,"w":0.8612654805183411},"size":43.831722259521487,"orthographic":false}