﻿{"cameraMode":{"drawMode":0,"name":"Shaded","section":"Shading Mode"},"sceneLighting":false,"audioPlay":false,"sceneViewState":{"showFog":true,"showMaterialUpdate":false,"showSkybox":false,"showFlares":true,"showImageEffects":true,"showParticleSystems":true},"in2DMode":false,"pivot":{"x":11.885320663452149,"y":0.6292887926101685,"z":2.549774646759033},"rotation":{"x":0.13832007348537446,"y":0.23382675647735597,"z":-0.033630989491939548,"w":0.9618012309074402},"size":6.66567325592041,"orthographic":false}