﻿{"cameraMode":{"drawMode":0,"name":"Shaded","section":"Shading Mode"},"sceneLighting":true,"audioPlay":false,"sceneViewState":{"showFog":true,"showMaterialUpdate":false,"showSkybox":true,"showFlares":true,"showImageEffects":true,"showParticleSystems":true},"in2DMode":false,"pivot":{"x":23.878448486328126,"y":8.120933532714844,"z":10.393967628479004},"rotation":{"x":-0.15325604379177094,"y":0.7644560933113098,"z":-0.19710642099380494,"w":-0.5943640470504761},"size":1.2520253658294678,"orthographic":false}